cnt,times
1,132.0
1,147.0
1,152.0
1,188.0
1,5693.0
1,3068.0
1,281.0
1,165.0
2,16045.0
1,205.0
2,179.0
2,85.0
2,134.0
2,147.0
2,137.0
2,127.0
2,167.0
1,960.0
1,232.0
2,245.0
1,838.0
1,80.0
1,806.0
1,424.0
1,231.0
1,155.0
1,89.0
1,2456.0
1,152.0
2,344.0
1,4814.0
1,181.0
1,705.0
1,215.0
1,643.0
2,195.0
1,1241.0
1,991.0
1,168.0
1,135.0
1,3427.0
1,62.0
2,42.0
1,47.0
1,409.0
1,4756.0
1,324.0
1,9674.0
1,7516.0
1,6296.0
1,465.0
1,8073.0
1,7902.0
1,5916.0
1,6235.0
1,4550.0
2,880.0
1,7771.0
1,118.0
1,1591.0
2,6479.0
1,10007.0
1,5010.0
1,11699.0
3,2045.0
1,675.0
1,6542.0
2,10385.0
1,7127.0
2,8562.0
1,152.0
1,7380.0
1,10390.0
2,8567.0
1,10115.0
1,8469.0
2,4778.0
1,406.0
1,8053.0
2,1567.0
1,6989.0
2,908.0
2,7708.0
2,8533.0
1,4444.0
1,114.0
1,11276.0
2,5889.0
1,289.0
1,5093.0
3,2939.0
1,3670.0
2,6387.0
2,7998.0
1,13814.0
1,8338.0
3,6088.0
1,5313.0
2,1556.0
1,7930.0
2,8461.0
1,3184.0
2,7637.0
1,121.0
2,6259.0
1,2581.0
1,15435.0
1,11393.0
1,18791.0
2,7233.0
2,6218.0
2,5915.0
1,129.0
2,8009.0
2,6288.0
1,195.0
1,8362.0
2,12.0
1,4760.0
2,9745.0
1,7620.0
2,3333.0
1,8802.0
1,715.0
2,3051.0
9,6913.0
1,3825.0
1,299.0
2,11176.0
1,6957.0
1,8596.0
2,2105.0
1,7437.0
3,3412.0
2,6679.0
1,8230.0
1,395.0
2,5771.0
1,4551.0
1,391.0
3,4668.0
1,9305.0
2,8536.0
1,8771.0
1,2991.0
2,6028.0
1,6804.0
1,219.0
2,18292.0
1,5249.0
2,2024.0
1,9957.0
2,5329.0
3,6311.0
1,8618.0
2,6970.0
1,8066.0
1,696.0
2,10521.0
1,18965.0
1,611.0
3,331.0
1,538.0
2,5886.0
1,4715.0
2,3979.0
1,671.0
2,6262.0
1,6917.0
1,8394.0
2,2114.0
2,575.0
2,16176.0
2,13309.0
1,3976.0
2,5026.0
2,8684.0
1,7825.0
2,10560.0
1,302.0
1,5006.0
2,5765.0
2,3885.0
1,758.0
2,9116.0
1,399.0
1,20173.0
2,7980.0
1,6056.0
2,2827.0
2,8473.0
2,3103.0
1,5994.0
4,723.0
1,8829.0
2,11550.0
2,7145.0
2,9032.0
2,1484.0
1,533.0
1,5139.0
1,620.0
2,14361.0
2,3945.0
2,6882.0
1,20202.0
2,6580.0
2,1002.0
1,8012.0
2,9200.0
2,6953.0
2,7426.0
1,11545.0
2,552.0
1,6556.0
1,227.0
3,17834.0
3,236.0
2,7598.0
1,207.0
2,694.0
1,4897.0
2,4969.0
2,6473.0
3,6290.0
2,1028.0
1,10303.0
2,2681.0
2,7632.0
2,7594.0
1,495.0
1,6067.0
3,4917.0
1,7445.0
3,5597.0
1,134.0
5,15409.0
6,13501.0
2,2561.0
2,2016.0
2,4714.0
3,15969.0
1,343.0
1,9084.0
2,12473.0
3,8638.0
2,6690.0
1,371.0
2,9240.0
1,703.0
9,14311.0
3,7703.0
2,7295.0
2,3716.0
2,1456.0
2,8518.0
2,4959.0
2,7763.0
2,7946.0
1,7230.0
1,374.0
2,6729.0
2,9729.0
1,686.0
2,8266.0
2,6893.0
1,399.0
2,4037.0
3,7730.0
2,10576.0
1,7530.0
3,4336.0
2,13000.0
2,948.0
2,4931.0
2,16505.0
1,8477.0
2,7135.0
2,8627.0
2,7225.0
2,6954.0
1,343.0
2,9343.0
2,5667.0
1,534.0
2,3168.0
2,4429.0
3,4117.0
2,6618.0
2,7814.0
2,7233.0
2,2911.0
1,568.0
1,196.0
1,150.0
1,4875.0
1,6350.0
2,7237.0
1,6495.0
6,12277.0
1,1081.0
6,2580.0
1,94.0
1,15139.0
1,1673.0
1,430.0
2,8296.0
1,566.0
2,7158.0
2,5582.0
4,6590.0
2,20.0
2,2036.0
2,6995.0
1,1360.0
4,2956.0
2,2524.0
3,5134.0
1,382.0
2,10165.0
2,1164.0
1,572.0
4,12109.0
2,19689.0
3,9113.0
2,7212.0
2,8293.0
1,276.0
3,15141.0
2,822.0
3,986.0
2,12005.0
2,14020.0
2,20187.0
3,16636.0
1,491.0
3,12889.0
2,776.0
2,8921.0
3,5389.0
2,522.0
7,10750.0
4,438.0
4,1597.0
1,525.0
2,18494.0
2,10339.0
2,7768.0
2,8291.0
1,12938.0
2,2518.0
3,10659.0
3,8256.0
2,3967.0
1,463.0
10,10628.0
5,1525.0
1,481.0
2,14550.0
2,1887.0
1,1736.0
1,460.0
1,870.0
1,15096.0
3,457.0
2,10824.0
2,8017.0
1,339.0
3,6578.0
2,7148.0
2,4198.0
3,6470.0
2,6404.0
1,484.0
2,8431.0
3,2708.0
2,9971.0
2,6263.0
2,4467.0
3,10710.0
3,172.0
3,2083.0
2,4893.0
1,545.0
3,15647.0
4,605.0
2,5734.0
3,10017.0
2,6519.0
2,8564.0
3,10482.0
2,4619.0
1,398.0
3,3279.0
1,4528.0
3,5518.0
1,23.0
2,6839.0
1,6496.0
3,873.0
3,4326.0
1,11595.0
3,11065.0
3,4873.0
3,5383.0
1,510.0
2,6642.0
3,2683.0
4,7004.0
2,3365.0
1,396.0
11,3996.0
5,2359.0
2,8484.0
1,418.0
10,9148.0
6,409.0
2,13693.0
3,5593.0
2,4149.0
2,14718.0
2,18676.0
1,228.0
3,16344.0
2,5815.0
2,6212.0
3,1028.0
3,356.0
1,11151.0
2,7474.0
3,8821.0
1,544.0
2,6438.0
3,8363.0
2,1694.0
1,423.0
14,5896.0
4,7491.0
1,558.0
2,7544.0
1,382.0
2,3436.0
2,7813.0
3,662.0
2,6474.0
1,9442.0
3,5185.0
1,1051.0
8,430.0
2,10097.0
1,648.0
2,1468.0
23,7901.0
5,926.0
2,4898.0
1,208.0
9,657.0
1,200.0
3,479.0
10,26.0
5,18522.0
2,116.0
12,1826.0
1,131.0
7,3559.0
1,119.0
3,3634.0
1,230.0
2,2297.0
3,9842.0
3,10298.0
3,4341.0
2,8705.0
1,212.0
3,4128.0
2,5808.0
1,115.0
1,1115.0
9,17561.0
8,247.0
1,162.0
1,19351.0
4,8926.0
2,8934.0
2,4649.0
5,2654.0
3,8346.0
2,4541.0
4,4529.0
3,12365.0
1,222.0
2,8101.0
3,7668.0
3,8253.0
2,8603.0
1,138.0
3,227.0
2,483.0
1,19809.0
1,131.0
3,5834.0
3,4741.0
4,6476.0
2,2613.0
4,9387.0
2,9059.0
3,4537.0
5,8943.0
2,6987.0
2,8500.0
3,5173.0
1,149.0
3,5361.0
3,3523.0
3,3153.0
3,5870.0
1,129.0
4,7247.0
2,8635.0
3,3555.0
1,3158.0
2,3093.0
3,9498.0
3,3831.0
4,4214.0
4,8544.0
1,654.0
3,131.0
2,8514.0
3,5854.0
3,6054.0
3,1787.0
1,165.0
3,6242.0
2,6644.0
1,348.0
3,7891.0
3,3396.0
2,5048.0
3,11763.0
3,6687.0
3,7462.0
3,9916.0
2,9825.0
3,8087.0
3,4619.0
4,6943.0
3,6253.0
3,5821.0
3,8848.0
1,320.0
3,7777.0
1,6295.0
1,332.0
3,8545.0
3,3533.0
3,3905.0
3,7782.0
3,2987.0
3,6002.0
3,6521.0
3,4403.0
3,21520.0
3,10040.0
2,6105.0
3,5028.0
1,395.0
3,9710.0
3,2679.0
1,145.0
14,2595.0
1,424.0
4,183.0
17,19815.0
1,847.0
8,90.0
4,1132.0
1,176.0
2,4631.0
1,346.0
4,8981.0
3,7233.0
3,2334.0
6,15103.0
1,172.0
13,10360.0
4,11555.0
3,2931.0
3,4928.0
2,8969.0
1,116.0
3,5541.0
3,2057.0
3,7354.0
3,9625.0
14,8903.0
1,143.0
5,14763.0
3,5795.0
3,2541.0
3,8350.0
3,7419.0
3,5125.0
1,181.0
3,1251.0
2,1115.0
1,1258.0
1,223.0
15,78.0
1,151.0
25,3617.0
8,269.0
4,177.0
2,7175.0
3,7804.0
4,9559.0
3,5158.0
2,4816.0
4,4926.0
3,5919.0
3,6161.0
4,9012.0
1,148.0
3,6568.0
6,250.0
6,768.0
4,112.0
14,1287.0
1,155.0
2,354.0
13,19022.0
1,298.0
8,1713.0
5,149.0
1,126.0
4,11841.0
12,15956.0
1,350.0
9,11073.0
8,9895.0
1,4196.0
3,11862.0
4,2274.0
2,7179.0
1,154.0
3,6913.0
2,846.0
3,5300.0
3,7054.0
4,5103.0
4,6238.0
13,16321.0
5,317.0
5,60.0
14,416.0
1,756.0
1,7911.0
30,81.0
6,12996.0
3,6983.0
2,215.0
1,6769.0
1,585.0
2,5893.0
1,428.0
5,65.0
1,9553.0
18,2547.0
7,294.0
9,9188.0
2,304.0
1,159.0
19,6923.0
2,4702.0
1,129.0
2,6623.0
2,10189.0
1,143.0
10,5250.0
3,16475.0
1,412.0
2,4647.0
3,8005.0
1,137.0
2,5907.0
2,1653.0
1,151.0
3,9773.0
2,7774.0
2,7820.0
1,8090.0
3,3265.0
2,7798.0
2,336.0
2,10246.0
3,149.0
2,1357.0
2,192.0
2,14093.0
2,12672.0
1,8454.0
2,3468.0
3,4369.0
2,5988.0
1,324.0
3,9969.0
2,8175.0
2,10123.0
2,10695.0
2,12579.0
3,5411.0
3,738.0
3,1594.0
2,6244.0
2,10974.0
2,549.0
2,933.0
1,311.0
3,7076.0
3,7375.0
1,247.0
2,276.0
1,20176.0
2,4789.0
1,154.0
4,7080.0
2,9376.0
1,389.0
1,19962.0
2,339.0
3,4971.0
2,1115.0
1,4794.0
4,10610.0
3,6942.0
2,20321.0
2,2063.0
1,8762.0
1,134.0
1,3326.0
2,7355.0
1,121.0
3,4578.0
2,8341.0
4,4460.0
2,1154.0
2,2821.0
1,227.0
2,1567.0
3,7063.0
2,1345.0
1,84.0
2,7552.0
2,5264.0
3,1711.0
2,3942.0
1,8540.0
3,7520.0
3,6137.0
2,6837.0
2,7367.0
2,19709.0
3,6531.0
2,7622.0
2,16179.0
1,162.0
1,5844.0
3,17842.0
3,4930.0
2,18474.0
1,119.0
2,882.0
1,643.0
3,2271.0
2,5900.0
1,18643.0
2,8560.0
2,10385.0
3,17164.0
1,127.0
3,4563.0
2,17228.0
3,4387.0
2,5672.0
2,6908.0
2,4572.0
1,480.0
2,8503.0
3,342.0
1,269.0
2,5960.0
2,4509.0
1,171.0
3,12793.0
9,14067.0
1,494.0
7,16962.0
2,14.0
4,15387.0
1,18752.0
4,9845.0
2,8147.0
2,7640.0
2,6295.0
3,4095.0
1,210.0
2,13.0
2,8282.0
1,5822.0
5,4685.0
2,15911.0
2,3163.0
1,231.0
1,802.0
2,13083.0
3,5740.0
4,10641.0
3,16146.0
2,3701.0
3,16468.0
3,7203.0
4,5358.0
2,7499.0
3,6263.0
1,148.0
3,7819.0
2,986.0
1,179.0
4,1855.0
1,17468.0
1,102.0
1,22036.0
1,126.0
2,13668.0
3,8033.0
3,1529.0
3,6542.0
4,8742.0
3,8983.0
12,9295.0
2,1049.0
1,14115.0
4,2704.0
1,170.0
2,2941.0
1,246.0
3,8607.0
3,157.0
13,13431.0
4,13002.0
3,1667.0
2,5277.0
3,1042.0
2,9350.0
1,322.0
2,9828.0
2,1822.0
3,7203.0
3,3451.0
5,1156.0
3,2297.0
1,171.0
4,5144.0
1,226.0
3,4260.0
3,7995.0
3,4550.0
2,713.0
3,9514.0
2,3865.0
3,6408.0
4,9784.0
3,2825.0
3,7942.0
3,478.0
1,182.0
11,13697.0
1,1323.0
7,188.0
1,18707.0
1,126.0
4,7621.0
3,6681.0
3,4107.0
3,4710.0
4,896.0
1,1130.0
2,4958.0
3,1306.0
2,4570.0
3,12962.0
2,10228.0
1,176.0
3,3607.0
3,2681.0
4,773.0
1,251.0
1,8260.0
2,8814.0
1,182.0
3,4614.0
3,7731.0
3,4973.0
2,7169.0
3,7839.0
1,130.0
3,1415.0
3,4795.0
3,2111.0
3,6685.0
3,5903.0
2,8847.0
4,7064.0
3,9532.0
2,8293.0
3,7090.0
4,9056.0
1,157.0
3,6545.0
3,6183.0
3,4632.0
1,146.0
3,5499.0
3,5620.0
2,1179.0
4,7847.0
3,2067.0
3,6251.0
3,3138.0
2,6408.0
1,400.0
4,2793.0
3,5255.0
3,5551.0
4,9885.0
2,114.0
3,9495.0
3,4047.0
1,364.0
2,5819.0
2,4120.0
2,18621.0
3,4252.0
4,8821.0
3,9582.0
3,65.0
2,3830.0
4,4040.0
1,109.0
3,8074.0
3,6807.0
3,7841.0
3,5250.0
2,8255.0
3,8014.0
3,6131.0
3,6737.0
1,129.0
5,6510.0
2,6014.0
1,407.0
3,4955.0
1,5847.0
4,4592.0
1,519.0
3,314.0
3,8505.0
1,100.0
12,16615.0
6,18597.0
3,8646.0
3,6312.0
4,5278.0
3,4699.0
3,1569.0
3,4383.0
1,723.0
1,150.0
5,1031.0
3,1180.0
6,16412.0
9,2321.0
1,381.0
18,2778.0
7,405.0
3,3326.0
3,2449.0
2,848.0
1,173.0
3,11849.0
3,5991.0
3,16951.0
3,5839.0
1,268.0
3,6756.0
3,6759.0
2,8803.0
3,9109.0
3,7460.0
3,5529.0
4,17248.0
1,115.0
3,7587.0
3,65.0
2,7818.0
3,5440.0
6,3502.0
1,225.0
13,765.0
4,879.0
4,3334.0
3,4282.0
3,4932.0
2,8076.0
3,5786.0
3,8656.0
3,7326.0
3,5445.0
2,2699.0
1,232.0
4,2541.0
2,8551.0
1,282.0
3,10590.0
3,5799.0
3,7372.0
3,7263.0
3,5495.0
2,7973.0
3,6796.0
3,6134.0
5,7255.0
2,7439.0
3,10050.0
3,7726.0
2,8394.0
1,130.0
4,1221.0
1,5975.0
4,4322.0
1,16203.0
3,14086.0
3,7672.0
8,18661.0
1,289.0
1,275.0
8,18965.0
6,2633.0
2,3743.0
3,3188.0
2,616.0
1,2235.0
1,363.0
3,7914.0
3,5715.0
1,392.0
3,5491.0
4,7421.0
3,4645.0
3,4592.0
3,7998.0
2,9654.0
3,7672.0
3,10082.0
2,10105.0
3,5513.0
3,6912.0
3,7251.0
1,137.0
13,454.0
5,1493.0
2,8085.0
3,4313.0
2,6702.0
4,5955.0
3,8516.0
4,5596.0
3,6929.0
3,8166.0
2,5924.0
3,9209.0
2,178.0
1,4170.0
1,162.0
3,4412.0
3,5946.0
1,125.0
2,2088.0
2,19348.0
3,4545.0
1,454.0
4,6603.0
3,2530.0
2,7872.0
3,4560.0
1,180.0
3,7470.0
1,10637.0
1,132.0
3,10033.0
3,7813.0
4,7290.0
2,3894.0
1,16189.0
5,844.0
4,7426.0
2,6390.0
3,5095.0
1,365.0
3,7375.0
1,393.0
2,10619.0
3,4238.0
2,6518.0
3,3706.0
4,6321.0
3,4013.0
4,4854.0
2,10338.0
1,389.0
3,6352.0
3,5929.0
3,8545.0
1,181.0
4,650.0
12,16370.0
1,210.0
6,17429.0
2,16296.0
1,115.0
4,5827.0
4,731.0
2,4088.0
3,4249.0
3,4403.0
1,394.0
3,8624.0
3,6116.0
1,269.0
3,1875.0
3,7991.0
2,10932.0
3,3879.0
4,9177.0
3,8273.0
2,6153.0
1,140.0
3,4351.0
1,385.0
4,3353.0
2,6184.0
1,166.0
2,4197.0
3,7804.0
3,8198.0
2,8732.0
1,16286.0
3,8985.0
3,1818.0
4,3306.0
2,5915.0
1,136.0
3,6139.0
3,7158.0
2,7780.0
3,7488.0
3,16692.0
2,552.0
5,2516.0
1,144.0
3,3566.0
3,8607.0
3,6348.0
3,5889.0
4,10269.0
3,80.0
1,89.0
4,810.0
3,7365.0
2,10314.0
4,16317.0
1,199.0
2,5537.0
3,6386.0
3,7769.0
3,9984.0
3,2737.0
3,4287.0
2,11325.0
5,8853.0
2,8898.0
3,2282.0
3,2896.0
1,224.0
4,5761.0
3,845.0
3,9912.0
2,4875.0
3,5803.0
1,1024.0
2,9377.0
1,118.0
4,6784.0
2,1549.0
3,9380.0
3,5807.0
1,200.0
3,4370.0
2,10747.0
3,6239.0
2,4438.0
1,17506.0
4,7108.0
4,5820.0
1,843.0
1,244.0
13,1567.0
1,410.0
6,15197.0
1,127.0
3,6375.0
3,6429.0
2,9778.0
3,6743.0
3,6035.0
3,7825.0
2,9441.0
3,5412.0
3,7048.0
1,173.0
3,7740.0
3,218.0
3,972.0
3,3647.0
3,13922.0
3,6569.0
2,10184.0
3,4495.0
4,4813.0
1,284.0
4,7242.0
3,914.0
2,5226.0
3,2740.0
2,7417.0
3,6641.0
1,229.0
3,4440.0
5,10686.0
2,2190.0
2,6002.0
3,14688.0
1,236.0
3,6952.0
2,16443.0
4,3393.0
3,9007.0
1,125.0
3,14937.0
4,6200.0
3,5652.0
3,5870.0
3,8319.0
1,19718.0
1,130.0
11,128.0
3,2661.0
5,15822.0
3,5427.0
1,208.0
3,4615.0
3,4286.0
1,109.0
15,14748.0
1,145.0
1,952.0
22,4127.0
8,208.0
2,11034.0
1,178.0
3,798.0
5,6110.0
1,299.0
3,8980.0
2,10098.0
2,71.0
1,3195.0
1,184.0
3,5107.0
4,7639.0
12,3825.0
1,356.0
6,6478.0
3,9146.0
3,11133.0
1,145.0
2,7818.0
3,3223.0
1,210.0
2,15759.0
4,1192.0
15,658.0
5,252.0
9,192.0
3,1172.0
10,346.0
3,10723.0
9,97.0
10,17291.0
13,2800.0
1,118.0
5,16296.0
3,223.0
3,6528.0
1,163.0
2,19220.0
4,3875.0
1,262.0
2,8621.0
4,9152.0
1,153.0
2,6379.0
10,757.0
1,325.0
1,281.0
1,8903.0
16,67.0
11,2234.0
15,257.0
16,6494.0
5,15473.0
1,200.0
2,24.0
9,8.0
19,17.0
2,192.0
3,137.0
9,2628.0
4,274.0
11,79.0
5,15824.0
2,10394.0
2,10014.0
1,161.0
2,952.0
2,8707.0
3,12029.0
2,6226.0
1,8792.0
2,9979.0
18,269.0
1,99.0
2,1461.0
3,96.0
6,1959.0
1,358.0
7,1753.0
3,90.0
5,769.0
5,102.0
3,8499.0
7,833.0
1,799.0
12,632.0
2,219.0
12,771.0
4,1287.0
8,103.0
16,3196.0
3,101.0
2,9695.0
12,3418.0
2,9902.0
2,7623.0
1,142.0
2,9615.0
2,7555.0
1,127.0
2,4782.0
2,7839.0
2,7669.0
2,6349.0
8,17414.0
1,283.0
2,858.0
2,19543.0
1,7618.0
2,1356.0
4,6677.0
1,3951.0
1,3964.0
4,14124.0
2,10763.0
1,621.0
2,5915.0
2,3829.0
2,8957.0
2,5195.0
2,3416.0
3,1300.0
2,1430.0
2,9652.0
1,141.0
2,8151.0
1,6334.0
3,7333.0
2,4965.0
3,15253.0
1,141.0
2,10049.0
2,8455.0
1,159.0
2,5167.0
2,10469.0
1,153.0
2,5596.0
2,8253.0
3,2632.0
2,4538.0
4,1297.0
2,1952.0
1,128.0
2,8751.0
2,7251.0
2,6634.0
3,5752.0
1,357.0
2,834.0
2,4329.0
3,5776.0
1,281.0
2,17014.0
1,843.0
2,18151.0
1,15462.0
2,1747.0
1,496.0
4,6821.0
2,10501.0
2,1103.0
2,5346.0
1,363.0
2,16008.0
2,17867.0
2,7035.0
5,4961.0
2,8332.0
3,9986.0
2,6710.0
2,8478.0
3,6560.0
1,431.0
2,4149.0
3,7890.0
2,5671.0
2,8624.0
2,9790.0
3,1968.0
2,8580.0
2,8274.0
2,2035.0
2,6407.0
1,368.0
4,7897.0
2,2262.0
2,6079.0
3,3875.0
2,5502.0
3,7527.0
1,482.0
2,9094.0
10,332.0
1,551.0
13,14571.0
1,700.0
5,10194.0
1,531.0
1,143.0
1,1041.0
17,3335.0
7,17448.0
1,623.0
1,501.0
25,13056.0
5,2288.0
4,3469.0
2,18344.0
3,5580.0
1,412.0
3,7547.0
1,16248.0
3,7690.0
2,16552.0
1,456.0
4,4421.0
2,5905.0
3,10190.0
2,8192.0
1,382.0
2,9580.0
3,2281.0
2,10699.0
3,1540.0
2,5956.0
2,15382.0
1,325.0
2,7609.0
3,4952.0
1,469.0
2,3512.0
4,10401.0
2,6505.0
2,10381.0
1,382.0
3,7573.0
2,2683.0
3,4564.0
2,7728.0
1,325.0
3,7158.0
2,1107.0
1,504.0
3,7114.0
4,2987.0
1,912.0
3,15058.0
1,243.0
12,16591.0
5,596.0
2,12198.0
3,7609.0
1,357.0
2,4761.0
3,6747.0
3,9966.0
2,4017.0
2,6061.0
3,1556.0
2,2368.0
3,10672.0
2,7876.0
1,390.0
3,1395.0
2,6061.0
4,7775.0
3,5270.0
1,400.0
2,10316.0
3,8144.0
2,3994.0
3,5933.0
1,440.0
3,5795.0
3,8137.0
3,8680.0
1,2803.0
2,800.0
1,544.0
1,6239.0
4,17852.0
1,508.0
3,10630.0
1,8418.0
2,11505.0
3,6583.0
1,7344.0
2,6750.0
3,9603.0
4,7289.0
1,553.0
9,15203.0
8,15573.0
1,589.0
12,200.0
13,6602.0
1,167.0
15,4196.0
3,161.0
10,2963.0
4,98.0
7,3753.0
3,1548.0
3,14300.0
1,225.0
4,2859.0
2,10525.0
3,6035.0
3,7078.0
3,1038.0
2,10698.0
1,153.0
2,3135.0
3,10450.0
1,162.0
1,1284.0
2,20614.0
3,7492.0
1,272.0
3,7574.0
1,7065.0
3,6815.0
3,7855.0
3,7365.0
2,16008.0
4,151.0
3,6497.0
1,130.0
4,6241.0
3,6597.0
3,676.0
3,8207.0
1,872.0
3,6767.0
3,7499.0
2,8366.0
1,131.0
3,4942.0
1,109.0
3,5343.0
3,8186.0
3,8478.0
3,4762.0
3,7627.0
1,1496.0
3,7565.0
3,2500.0
1,305.0
3,9259.0
3,3150.0
4,4476.0
2,8265.0
3,2284.0
1,130.0
13,16243.0
2,788.0
3,20281.0
3,6212.0
2,6618.0
4,7540.0
3,6798.0
2,1277.0
4,8273.0
2,1522.0
1,141.0
2,5420.0
3,4867.0
1,243.0
4,7380.0
2,4823.0
1,348.0
13,15750.0
5,18041.0
1,423.0
9,15719.0
2,320.0
1,40.0
8,2758.0
2,18239.0
3,9020.0
1,405.0
4,10509.0
3,4266.0
3,4551.0
3,7571.0
3,10070.0
2,1852.0
1,442.0
4,8494.0
2,9124.0
2,5909.0
4,7122.0
1,459.0
3,11702.0
5,1331.0
3,5919.0
1,394.0
4,6107.0
3,7439.0
2,6750.0
4,6785.0
2,4546.0
2,4104.0
3,11388.0
3,8621.0
1,589.0
3,4166.0
3,5294.0
3,9998.0
3,4860.0
4,1381.0
2,4846.0
1,363.0
3,704.0
2,6220.0
1,430.0
2,7422.0
3,8315.0
3,4459.0
3,5161.0
3,207.0
4,7288.0
3,7404.0
2,5681.0
1,519.0
5,8313.0
4,170.0
2,8037.0
2,1932.0
3,5102.0
4,2783.0
4,4511.0
2,14314.0
1,241.0
3,7997.0
2,8191.0
8,18.0
4,16393.0
3,5.0
2,18314.0
1,319.0
4,1281.0
1,617.0
4,2058.0
3,10442.0
2,3538.0
4,7910.0
3,150.0
1,413.0
3,3495.0
1,476.0
1,16709.0
1,1092.0
1,377.0
1,496.0
9,10807.0
1,552.0
10,9013.0
1,17414.0
1,171.0
8,33.0
30,20.0
13,2406.0
1,10384.0
3,340.0
1,10872.0
3,10046.0
4,6346.0
1,264.0
1,3901.0
1,134.0
3,10263.0
2,6850.0
2,10427.0
3,709.0
3,8162.0
4,10361.0
4,5599.0
4,7346.0
3,7430.0
2,105.0
1,14795.0
2,18492.0
1,3133.0
3,6970.0
3,8984.0
3,8687.0
1,384.0
2,5587.0
2,5379.0
1,275.0
1,5730.0
2,3468.0
7,98.0
7,301.0
13,3023.0
5,104.0
8,1377.0
3,93.0
4,69.0
7,8973.0
3,128.0
2,4132.0
7,7702.0
3,7489.0
1,147.0
8,345.0
3,1183.0
4,2952.0
1,176.0
1,4020.0
1,139.0
3,6826.0
3,7617.0
2,4752.0
3,5567.0
5,4372.0
1,6526.0
3,6244.0
7,142.0
4,7935.0
14,80.0
4,389.0
3,87.0
10,9079.0
5,92.0
8,6259.0
4,75.0
3,3348.0
2,1780.0
3,272.0
3,1514.0
3,8311.0
3,7145.0
3,9096.0
2,8797.0
1,281.0
2,7953.0
4,155.0
3,6640.0
3,18177.0
13,843.0
8,236.0
3,67.0
10,4453.0
6,88.0
1,148.0
3,707.0
12,87.0
9,553.0
1,1292.0
5,369.0
15,9.0
1,711.0
2,178.0
4,3712.0
6,97.0
16,134.0
30,2055.0
1,7488.0
1,101.0
3,1141.0
4,3189.0
1,8556.0
1,215.0
2,2316.0
3,1226.0
1,2402.0
2,6129.0
3,2346.0
1,302.0
2,12093.0
2,3792.0
1,354.0
3,5137.0
1,71.0
7,2426.0
1,287.0
5,65.0
6,308.0
9,118.0
2,4797.0
2,8298.0
1,579.0
4,436.0
12,1217.0
1,8939.0
4,940.0
8,6045.0
1,153.0
2,7083.0
12,538.0
3,2370.0
13,71.0
7,2126.0
9,3647.0
7,8496.0
2,1488.0
1,134.0
1,6707.0
2,8484.0
1,138.0
2,5854.0
1,6896.0
1,3535.0
2,252.0
1,19646.0
1,158.0
1,3426.0
2,8946.0
2,192.0
1,6223.0
1,2592.0
2,8378.0
1,6019.0
2,3092.0
1,15912.0
1,434.0
2,6969.0
1,10807.0
2,1924.0
1,8551.0
1,1070.0
1,8138.0
1,171.0
2,7704.0
1,5779.0
3,9042.0
1,6645.0
1,373.0
1,11479.0
1,10975.0
1,6827.0
1,3086.0
1,7695.0
1,10420.0
1,7176.0
1,513.0
1,7902.0
1,8619.0
1,520.0
2,1276.0
2,1317.0
1,12847.0
1,263.0
1,6092.0
1,7099.0
1,7555.0
1,7211.0
1,7478.0
1,9024.0
1,399.0
1,16928.0
2,1474.0
1,5300.0
1,20484.0
1,559.0
2,10282.0
2,2463.0
1,4052.0
1,4568.0
2,10373.0
1,8918.0
1,547.0
1,6507.0
2,1657.0
1,254.0
1,5209.0
2,1455.0
1,490.0
2,9674.0
1,9030.0
2,7786.0
3,4681.0
1,5836.0
2,8816.0
1,1556.0
1,10519.0
1,7472.0
2,6206.0
1,8274.0
1,7913.0
1,347.0
2,7312.0
1,6253.0
1,7261.0
2,1270.0
2,11421.0
1,7656.0
2,6822.0
1,8598.0
1,5642.0
2,20423.0
1,983.0
1,8562.0
2,7784.0
1,6343.0
3,6328.0
1,8505.0
1,6404.0
2,9233.0
1,525.0
1,7836.0
2,6401.0
1,313.0
1,8113.0
1,9066.0
1,280.0
2,1196.0
1,9028.0
2,8798.0
1,8112.0
1,402.0
1,1333.0
2,3014.0
3,8039.0
1,8032.0
2,8144.0
1,9765.0
1,11884.0
2,4387.0
1,566.0
1,5458.0
2,7884.0
1,266.0
1,6276.0
2,6563.0
2,1298.0
2,11828.0
1,8971.0
2,4357.0
1,364.0
1,3551.0
3,11632.0
2,9660.0
1,5140.0
2,19159.0
2,8187.0
2,5191.0
2,8036.0
1,8566.0
1,679.0
2,5962.0
1,4743.0
2,5139.0
1,8777.0
2,1647.0
2,7869.0
1,358.0
1,8574.0
2,6019.0
2,10787.0
1,383.0
2,8998.0
2,4665.0
1,5554.0
2,7623.0
2,6452.0
1,8304.0
2,6519.0
1,424.0
7,2774.0
1,45.0
4,502.0
2,3978.0
1,2827.0
2,8922.0
2,8693.0
1,7591.0
1,379.0
2,5153.0
3,4834.0
2,10161.0
2,332.0
1,200.0
1,6231.0
3,14606.0
1,828.0
1,9130.0
2,7647.0
1,6316.0
1,8007.0
3,8402.0
1,6275.0
2,7291.0
2,5512.0
1,5261.0
2,11281.0
1,418.0
2,6553.0
1,7231.0
3,1287.0
2,11695.0
2,5635.0
2,7549.0
1,10348.0
2,6968.0
2,7985.0
1,603.0
1,7437.0
2,4113.0
2,5447.0
1,244.0
1,2692.0
2,2618.0
3,1155.0
1,246.0
2,423.0
1,6309.0
2,6610.0
1,409.0
2,17422.0
2,5139.0
1,8538.0
2,7004.0
2,5161.0
3,8799.0
1,228.0
1,5299.0
2,960.0
2,4292.0
1,727.0
2,10924.0
2,4815.0
1,3141.0
2,18120.0
3,10216.0
2,10679.0
2,8553.0
1,311.0
2,4752.0
2,5639.0
1,6700.0
3,4482.0
2,4952.0
3,4869.0
3,2101.0
2,5837.0
2,12926.0
1,9639.0
2,472.0
9,12812.0
1,6.0
2,18090.0
1,345.0
1,18756.0
2,11707.0
1,8486.0
2,3257.0
1,524.0
3,1426.0
1,517.0
2,8624.0
1,1499.0
2,2458.0
1,7856.0
2,9395.0
2,5582.0
1,379.0
9,15982.0
3,17812.0
2,10043.0
2,6826.0
1,6860.0
1,392.0
2,5822.0
2,7733.0
2,6622.0
2,1799.0
1,361.0
2,4192.0
2,14057.0
3,7572.0
2,5273.0
2,8663.0
2,7723.0
1,599.0
2,9322.0
2,19767.0
3,8554.0
2,8672.0
2,5126.0
3,4441.0
1,375.0
2,16188.0
3,3312.0
2,9252.0
3,987.0
1,670.0
2,17989.0
2,5891.0
2,8136.0
2,2495.0
2,7287.0
2,9123.0
2,2680.0
2,4488.0
1,296.0
3,8201.0
3,5065.0
1,357.0
2,1362.0
9,2400.0
3,14656.0
2,2770.0
1,213.0
2,558.0
6,1281.0
4,19704.0
4,12756.0
2,424.0
1,503.0
3,5042.0
3,8931.0
2,1704.0
1,517.0
2,10796.0
2,6634.0
3,4153.0
2,5257.0
2,0.0
2,8233.0
1,408.0
3,6365.0
2,6537.0
1,1126.0
3,17692.0
3,8555.0
2,2283.0
1,266.0
2,7640.0
3,226.0
2,9431.0
2,7451.0
2,974.0
3,8023.0
2,10790.0
2,11797.0
2,7.0
3,221.0
3,348.0
10,10984.0
8,128.0
4,464.0
11,1136.0
7,881.0
10,55.0
1,4783.0
1,898.0
1,208.0
2,435.0
2,2778.0
2,7827.0
1,197.0
2,8828.0
2,8167.0
3,5855.0
2,7883.0
2,4053.0
1,668.0
3,811.0
3,7085.0
3,8773.0
2,697.0
1,5405.0
2,3593.0
4,5008.0
3,6734.0
1,294.0
2,10516.0
1,581.0
3,1900.0
3,1550.0
2,3713.0
3,6397.0
2,15347.0
1,736.0
2,6646.0
3,6656.0
2,6219.0
3,5387.0
2,6006.0
2,7440.0
3,7327.0
1,192.0
2,4800.0
2,1696.0
1,285.0
4,6681.0
2,9209.0
1,273.0
2,1750.0
3,1802.0
2,5832.0
2,6648.0
2,6887.0
3,5367.0
2,4247.0
3,6497.0
2,6400.0
4,8408.0
1,495.0
2,7456.0
3,2069.0
1,359.0
2,6406.0
3,5992.0
2,5481.0
3,1928.0
3,7345.0
2,6244.0
4,8425.0
1,320.0
2,6003.0
1,540.0
1,1328.0
12,14946.0
4,13400.0
1,638.0
2,6282.0
4,9198.0
2,5350.0
3,7842.0
2,1961.0
3,925.0
2,12277.0
3,13652.0
1,419.0
2,5092.0
3,5841.0
1,6531.0
2,10610.0
3,4888.0
3,8320.0
2,7370.0
3,4932.0
1,535.0
3,6790.0
2,8631.0
3,5810.0
2,288.0
9,110.0
12,311.0
1,349.0
16,313.0
9,425.0
1,657.0
5,358.0
5,17.0
1,971.0
3,1007.0
1,6247.0
2,7670.0
3,5413.0
1,140.0
4,7068.0
2,7597.0
2,6109.0
3,9350.0
3,6851.0
1,131.0
3,5952.0
2,9933.0
3,8092.0
3,5474.0
2,5665.0
1,10003.0
5,17007.0
3,1233.0
3,8067.0
2,5438.0
1,315.0
2,2215.0
3,18617.0
1,149.0
1,74.0
2,7902.0
1,183.0
4,17979.0
3,6598.0
3,7021.0
3,3715.0
3,395.0
1,199.0
3,5247.0
12,701.0
10,90.0
7,1108.0
4,125.0
8,6665.0
2,87.0
2,1247.0
11,8.0
10,286.0
1,234.0
14,106.0
10,822.0
5,88.0
9,603.0
2,7290.0
1,134.0
2,13485.0
2,6257.0
4,4209.0
2,4042.0
2,17717.0
3,10470.0
2,7261.0
1,402.0
3,9644.0
2,10094.0
2,3815.0
3,1326.0
1,149.0
3,3151.0
3,298.0
2,8330.0
3,4248.0
2,6949.0
4,7397.0
3,1132.0
3,11613.0
1,292.0
3,7321.0
2,4686.0
1,208.0
3,17937.0
4,9116.0
3,7115.0
4,6371.0
2,10785.0
1,440.0
3,1317.0
2,11985.0
11,15173.0
4,15824.0
4,9621.0
1,3620.0
1,245.0
3,5653.0
3,7133.0
2,4442.0
1,170.0
3,4484.0
11,48.0
6,87.0
3,592.0
16,1386.0
9,69.0
13,405.0
2,3304.0
3,4826.0
1,380.0
2,7425.0
3,8147.0
2,5483.0
2,5982.0
1,4674.0
4,7393.0
3,4236.0
2,8381.0
2,5620.0
1,474.0
3,6259.0
1,549.0
2,1697.0
4,9111.0
2,4868.0
1,10603.0
3,8710.0
3,6531.0
2,6057.0
1,591.0
3,6106.0
2,5502.0
3,6379.0
2,7580.0
1,446.0
3,2997.0
2,6280.0
4,9746.0
3,5871.0
2,3708.0
1,693.0
2,1573.0
1,929.0
3,5976.0
2,4819.0
3,8761.0
2,5749.0
3,8541.0
2,9327.0
2,6334.0
2,5312.0
1,90.0
2,18386.0
1,550.0
3,8032.0
2,4998.0
4,224.0
2,7535.0
3,10783.0
2,994.0
3,5775.0
1,612.0
3,8150.0
2,7294.0
2,6900.0
1,428.0
3,8357.0
2,5265.0
2,9311.0
4,8686.0
2,469.0
2,11122.0
1,7887.0
1,4889.0
1,1413.0
4,9067.0
3,70.0
12,613.0
6,2272.0
1,195.0
3,4569.0
1,518.0
2,10441.0
1,918.0
3,6152.0
2,7050.0
2,6026.0
5,9386.0
3,5569.0
1,234.0
2,8140.0
2,9119.0
2,7345.0
2,395.0
3,869.0
2,15534.0
1,13393.0
3,264.0
2,957.0
2,5269.0
2,10561.0
1,20018.0
2,14928.0
3,7032.0
1,703.0
2,5049.0
3,4945.0
1,13732.0
1,680.0
3,7842.0
4,11194.0
1,380.0
2,16691.0
2,10001.0
4,2126.0
2,3673.0
2,9779.0
2,1365.0
1,13746.0
2,6544.0
1,786.0
2,22129.0
1,214.0
2,6321.0
4,3924.0
4,7288.0
3,3932.0
1,460.0
4,4853.0
1,403.0
2,6087.0
2,2024.0
1,336.0
4,8706.0
2,5876.0
3,9625.0
3,7930.0
3,4159.0
1,1246.0
2,10513.0
2,1891.0
1,13127.0
3,290.0
2,1614.0
3,20041.0
1,130.0
3,2853.0
2,3648.0
1,2559.0
2,4513.0
3,4313.0
1,295.0
4,9685.0
1,120.0
4,7426.0
3,7991.0
2,3338.0
1,18282.0
1,141.0
2,43.0
1,22348.0
4,4302.0
3,149.0
3,4824.0
3,8251.0
3,8109.0
3,8860.0
2,5105.0
3,10294.0
3,6471.0
2,4679.0
1,211.0
3,507.0
3,5255.0
2,1236.0
7,8363.0
1,177.0
9,3987.0
3,273.0
2,356.0
2,3463.0
1,120.0
2,7248.0
4,6815.0
3,6373.0
3,5655.0
5,5723.0
1,140.0
1,4319.0
2,2827.0
1,17470.0
2,6666.0
3,11696.0
2,5836.0
4,2623.0
1,148.0
4,653.0
3,571.0
1,365.0
2,7473.0
3,3572.0
4,18178.0
2,4908.0
1,451.0
3,7085.0
4,9871.0
1,146.0
2,5951.0
3,4043.0
3,4736.0
2,4414.0
3,2237.0
3,18978.0
4,5843.0
1,93.0
3,4837.0
4,6649.0
2,8956.0
1,296.0
2,6659.0
2,5600.0
4,8705.0
2,7123.0
2,1845.0
3,5689.0
1,305.0
2,426.0
1,253.0
10,16165.0
9,5594.0
3,9745.0
3,1596.0
2,9364.0
1,275.0
2,1056.0
1,5198.0
4,7839.0
3,8052.0
4,4460.0
3,4787.0
1,383.0
4,2461.0
3,4747.0
3,5869.0
1,156.0
3,8566.0
3,130.0
4,8670.0
2,5207.0
3,8653.0
1,2082.0
2,16083.0
5,5834.0
3,1925.0
1,130.0
3,9368.0
4,7315.0
2,7564.0
2,9007.0
1,263.0
2,7399.0
3,5447.0
2,5929.0
2,6003.0
4,5894.0
3,6381.0
2,4247.0
4,6645.0
3,776.0
5,4924.0
2,9901.0
3,1189.0
2,7631.0
2,6021.0
2,5425.0
1,261.0
4,3110.0
3,5292.0
3,3175.0
4,1881.0
2,18277.0
1,141.0
4,10978.0
3,7478.0
3,5808.0
2,7556.0
2,9706.0
1,128.0
2,6103.0
3,3392.0
3,3596.0
3,629.0
2,2567.0
3,9982.0
1,221.0
3,8802.0
4,4738.0
3,6179.0
1,151.0
4,9650.0
3,3800.0
1,282.0
4,7882.0
2,7072.0
3,3613.0
2,4974.0
3,5673.0
1,110.0
2,264.0
2,5744.0
3,782.0
1,58.0
2,18714.0
1,122.0
2,1011.0
7,20381.0
7,923.0
2,3633.0
3,7407.0
3,2123.0
2,9829.0
1,210.0
3,7207.0
3,432.0
1,4100.0
4,7338.0
2,19715.0
1,149.0
3,1127.0
3,3148.0
3,6952.0
1,252.0
3,696.0
2,1800.0
2,5628.0
2,2581.0
3,7186.0
3,6907.0
3,16607.0
3,3349.0
3,4516.0
1,125.0
4,2787.0
1,108.0
1,9180.0
10,1711.0
5,13115.0
7,15211.0
1,143.0
3,9883.0
1,280.0
4,13090.0
3,16012.0
2,3660.0
3,6048.0
3,9240.0
3,6175.0
3,7342.0
2,15546.0
1,171.0
3,6860.0
3,5985.0
1,184.0
2,9370.0
3,717.0
5,8737.0
1,129.0
2,7525.0
2,3891.0
3,6152.0
2,6745.0
3,6730.0
3,7156.0
3,7131.0
4,6384.0
3,7985.0
2,8014.0
1,268.0
13,951.0
4,6870.0
1,120.0
3,6942.0
2,16266.0
4,440.0
4,5367.0
4,7670.0
3,9330.0
1,291.0
3,7272.0
1,19716.0
2,1062.0
1,272.0
3,7293.0
4,2868.0
3,3815.0
4,520.0
1,21695.0
4,12386.0
1,155.0
3,2219.0
16,2003.0
7,8473.0
3,7259.0
2,855.0
1,183.0
3,18285.0
1,63.0
3,7206.0
3,8249.0
2,7210.0
3,5838.0
3,486.0
1,281.0
1,1607.0
1,19483.0
1,130.0
3,7054.0
3,2263.0
3,6971.0
3,7656.0
4,6114.0
9,16582.0
10,17336.0
2,18224.0
1,150.0
4,34.0
2,1794.0
1,250.0
3,7330.0
2,8008.0
3,5734.0
1,1.0
4,14224.0
1,339.0
3,9081.0
3,7369.0
2,6031.0
3,17122.0
3,7417.0
3,7074.0
1,149.0
2,7279.0
3,6767.0
3,698.0
3,4837.0
3,185.0
1,139.0
2,390.0
1,20112.0
4,13205.0
2,7949.0
1,778.0
3,16837.0
1,1067.0
3,1725.0
1,156.0
1,1533.0
2,3185.0
3,189.0
3,1513.0
3,5775.0
1,135.0
3,3297.0
3,8851.0
3,10320.0
3,690.0
1,6097.0
2,8588.0
4,2076.0
1,401.0
2,424.0
11,14794.0
5,21068.0
2,5074.0
1,111.0
13,14541.0
7,268.0
4,3017.0
2,7216.0
3,7816.0
1,526.0
2,7527.0
3,6558.0
3,20295.0
4,8288.0
1,178.0
3,8727.0
1,131.0
12,17436.0
3,6.0
1,1522.0
1,13737.0
3,16548.0
3,7620.0
4,131.0
3,4558.0
1,211.0
2,6116.0
2,7191.0
1,148.0
3,6679.0
2,7344.0
3,16600.0
1,459.0
5,2246.0
3,1856.0
3,1805.0
3,3257.0
3,4148.0
2,1394.0
3,7926.0
3,2113.0
3,1254.0
5,10438.0
1,144.0
3,4924.0
4,288.0
3,10228.0
3,17950.0
1,321.0
2,1575.0
1,2361.0
1,164.0
4,15698.0
3,6139.0
3,4975.0
2,7587.0
3,4754.0
3,278.0
3,2696.0
5,1363.0
4,11340.0
1,127.0
3,10029.0
3,2403.0
3,6703.0
2,7450.0
3,6221.0
2,6286.0
3,4962.0
1,395.0
2,5856.0
3,5470.0
3,3725.0
1,228.0
3,6095.0
4,7208.0
3,8418.0
2,5578.0
2,2149.0
3,3577.0
1,14409.0
4,7204.0
4,8293.0
2,6972.0
3,6304.0
3,7549.0
3,5855.0
3,4413.0
1,154.0
3,7221.0
1,497.0
2,14230.0
1,222.0
2,3313.0
1,18460.0
3,3207.0
2,7150.0
4,1575.0
1,16165.0
2,2077.0
4,782.0
3,7947.0
1,262.0
3,3432.0
5,7530.0
2,4619.0
3,4849.0
3,6574.0
2,6108.0
1,127.0
3,5003.0
3,5105.0
3,5838.0
3,2015.0
1,283.0
8,497.0
2,6306.0
7,8394.0
1,124.0
3,7977.0
2,3806.0
5,7694.0
3,5703.0
1,120.0
1,20397.0
1,117.0
4,18137.0
3,2730.0
5,6026.0
1,288.0
3,7025.0
3,3769.0
4,9342.0
3,1041.0
2,7091.0
1,175.0
2,7450.0
3,5171.0
1,258.0
3,8068.0
1,511.0
2,3325.0
3,7600.0
3,7891.0
3,7125.0
2,6121.0
3,3248.0
3,7754.0
3,2609.0
4,4384.0
3,5785.0
3,1120.0
1,395.0
2,8051.0
3,46.0
1,116.0
1,336.0
13,26.0
1,8446.0
4,18141.0
4,5702.0
3,8992.0
1,113.0
12,3997.0
5,1074.0
1,271.0
4,8112.0
2,8457.0
3,7913.0
16,280.0
15,2105.0
7,251.0
8,9517.0
5,315.0
7,7412.0
6,5115.0
3,7283.0
3,7003.0
3,6457.0
3,7291.0
1,125.0
1,328.0
2,925.0
3,4410.0
1,199.0
2,8337.0
3,6686.0
2,3417.0
1,304.0
3,7246.0
2,6053.0
4,13260.0
13,10951.0
6,89.0
11,1294.0
5,235.0
2,76.0
8,19983.0
6,109.0
11,6827.0
2,164.0
9,2474.0
1,1744.0
16,12950.0
6,100.0
9,10967.0
17,1659.0
1,229.0
3,8621.0
3,4714.0
2,8271.0
3,7414.0
3,6171.0
3,6537.0
1,963.0
5,460.0
8,11094.0
18,1813.0
14,102.0
3,8082.0
7,5398.0
4,107.0
19,9.0
3,942.0
19,7271.0
5,142.0
9,10129.0
7,1033.0
10,1282.0
4,18670.0
13,90.0
6,18572.0
10,3817.0
7,9201.0
17,1553.0
5,97.0
1,9674.0
1,15340.0
12,29.0
14,210.0
9,73.0
4,1.0
8,72.0
8,159.0
3,7029.0
2,14305.0
3,1614.0
1,162.0
3,1572.0
2,3961.0
1,18999.0
1,1012.0
2,806.0
3,5012.0
1,14943.0
7,2927.0
7,13581.0
11,92.0
2,2138.0
4,106.0
1,8.0
5,27.0
2,6637.0
13,3641.0
1,333.0
8,270.0
2,76.0
4,16677.0
2,8800.0
2,163.0
4,1619.0
2,8779.0
2,7039.0
3,8175.0
1,323.0
1,10542.0
3,7180.0
2,6683.0
2,9457.0
3,7151.0
2,7615.0
3,8225.0
2,7394.0
2,4847.0
1,290.0
3,8928.0
1,147.0
3,6732.0
3,15239.0
2,1028.0
2,8249.0
2,8050.0
3,8193.0
1,348.0
2,4340.0
2,3021.0
3,3708.0
3,7021.0
2,7274.0
3,7692.0
3,6407.0
2,2015.0
4,9544.0
1,414.0
3,6932.0
2,5855.0
1,399.0
3,4673.0
3,1335.0
2,8298.0
4,5640.0
5,9117.0
2,7121.0
3,9520.0
3,8942.0
2,5331.0
1,615.0
3,6863.0
1,656.0
2,3303.0
2,3182.0
3,6951.0
3,8078.0
2,3704.0
2,5053.0
1,18758.0
4,952.0
2,3740.0
1,492.0
3,15183.0
3,202.0
3,5491.0
1,481.0
3,814.0
2,14774.0
3,8169.0
2,4405.0
5,5165.0
2,7745.0
3,2530.0
3,7419.0
2,9578.0
3,6666.0
3,2563.0
1,377.0
3,4280.0
3,10571.0
1,164.0
3,5978.0
2,8782.0
3,5846.0
3,6332.0
1,391.0
3,8242.0
3,6234.0
2,8587.0
3,7097.0
2,7442.0
3,8588.0
4,400.0
2,3820.0
3,8161.0
3,3396.0
2,9553.0
3,9113.0
1,491.0
3,5016.0
3,5922.0
3,14650.0
3,13617.0
4,6007.0
4,4474.0
1,405.0
4,5086.0
2,7015.0
2,8238.0
4,8518.0
2,3093.0
3,6381.0
4,988.0
3,7954.0
1,335.0
2,8720.0
3,4162.0
14,14091.0
4,16019.0
3,329.0
1,418.0
4,6442.0
3,7778.0
3,7091.0
2,8091.0
1,161.0
1,1619.0
4,4692.0
1,399.0
1,5343.0
3,1204.0
1,560.0
2,5608.0
4,6978.0
1,597.0
4,6714.0
4,624.0
2,1804.0
4,12907.0
3,7136.0
1,539.0
10,1975.0
9,12642.0
3,3303.0
2,9396.0
3,4914.0
1,547.0
5,5648.0
4,224.0
2,5107.0
3,7040.0
3,8150.0
3,10598.0
3,5642.0
5,7120.0
2,9102.0
2,4982.0
4,5567.0
4,6856.0
1,357.0
2,4789.0
3,7955.0
3,4649.0
1,624.0
3,1152.0
2,10188.0
1,236.0
3,3074.0
5,4608.0
3,4159.0
3,7519.0
2,6522.0
5,14553.0
2,7993.0
3,2896.0
4,6188.0
1,365.0
2,1833.0
3,13432.0
3,13706.0
2,7474.0
1,892.0
3,8062.0
4,9325.0
2,1540.0
1,672.0
4,4261.0
2,9198.0
1,353.0
3,7138.0
5,4849.0
2,2776.0
4,5293.0
3,4214.0
1,370.0
4,2228.0
3,9464.0
3,0.0
12,19517.0
1,500.0
6,616.0
1,292.0
6,471.0
28,11575.0
5,2764.0
1,1262.0
4,5676.0
1,324.0
3,10357.0
2,3535.0
3,7597.0
1,394.0
3,1358.0
1,9434.0
3,4348.0
1,895.0
7,11897.0
10,392.0
3,11386.0
4,16690.0
2,116.0
2,19099.0
1,371.0
2,7073.0
3,5589.0
3,2842.0
1,370.0
2,13500.0
3,10455.0
4,8630.0
4,6205.0
3,4148.0
1,508.0
4,1323.0
2,9732.0
3,18525.0
5,5040.0
2,7780.0
1,506.0
3,5795.0
3,9384.0
3,5053.0
1,388.0
2,2664.0
4,5987.0
3,6907.0
1,767.0
1,1955.0
13,8407.0
1,827.0
1,609.0
1,791.0
3,747.0
22,10426.0
7,6649.0
3,9052.0
3,6711.0
2,5979.0
1,199.0
3,8319.0
2,7005.0
1,195.0
3,2869.0
4,5756.0
3,793.0
3,7411.0
1,543.0
1,26.0
2,18507.0
4,20907.0
3,6154.0
11,213.0
1,150.0
14,713.0
5,104.0
13,2139.0
4,88.0
5,11081.0
1,346.0
12,9998.0
6,13486.0
1,175.0
3,1074.0
4,7707.0
2,5445.0
1,168.0
4,18022.0
3,7630.0
3,3019.0
3,20924.0
4,1202.0
1,204.0
2,8346.0
3,8400.0
3,2362.0
3,5697.0
1,151.0
4,7711.0
3,5261.0
4,1158.0
3,790.0
3,3782.0
3,6874.0
2,5748.0
3,4933.0
1,163.0
5,10459.0
2,6788.0
1,168.0
2,6841.0
3,7058.0
3,4222.0
3,6879.0
4,1140.0
1,33.0
1,17346.0
4,5389.0
3,3085.0
3,2300.0
3,7745.0
2,8083.0
3,9741.0
3,4504.0
2,7752.0
4,939.0
3,5104.0
1,145.0
2,8518.0
4,6702.0
2,4881.0
2,15222.0
3,5920.0
2,7482.0
1,270.0
3,10484.0
3,9300.0
2,5417.0
3,1498.0
4,25.0
9,11417.0
4,27.0
3,7316.0
1,202.0
3,6151.0
3,4682.0
5,6605.0
2,9983.0
1,177.0
3,4514.0
2,7252.0
3,5276.0
3,7231.0
2,16841.0
1,542.0
4,6263.0
3,3311.0
4,1187.0
3,6877.0
3,4307.0
1,357.0
4,8008.0
3,6491.0
3,6598.0
2,1941.0
15,15471.0
16,1073.0
15,11346.0
14,39.0
3,5719.0
2,2400.0
5,9191.0
3,2628.0
2,4964.0
3,7356.0
1,573.0
5,11986.0
13,14.0
1,1356.0
15,3768.0
17,464.0
12,1385.0
5,10387.0
19,244.0
5,120.0
1,167.0
4,2753.0
8,66.0
23,20.0
3,457.0
2,2396.0
6,931.0
1,159.0
5,29.0
8,57.0
1,98.0
9,9396.0
8,8636.0
1,169.0
21,201.0
7,1072.0
8,12250.0
7,81.0
11,3064.0
2,181.0
1,508.0
2,6199.0
1,7358.0
3,5600.0
2,6945.0
2,6073.0
2,6738.0
3,5504.0
2,6717.0
1,8270.0
2,8920.0
4,9473.0
2,73.0
1,96.0
3,765.0
2,1630.0
1,114.0
2,15554.0
3,2297.0
2,4.0
2,8253.0
2,7913.0
3,8591.0
2,7355.0
2,6834.0
1,148.0
3,8115.0
3,8485.0
2,7253.0
2,3481.0
3,3852.0
2,1998.0
3,1156.0
1,809.0
1,10977.0
1,203.0
3,6950.0
1,106.0
2,5694.0
3,66.0
11,228.0
3,65.0
10,129.0
2,3235.0
13,80.0
12,17304.0
2,106.0
1,6495.0
10,2744.0
10,1285.0
8,103.0
3,3511.0
1,3063.0
2,649.0
5,10184.0
3,106.0
20,9728.0
10,10595.0
5,82.0
6,8812.0
3,116.0
7,8805.0
1,332.0
2,1490.0
8,1680.0
2,13006.0
1,715.0
2,11252.0
1,196.0
2,7087.0
2,6081.0
4,8779.0
1,7295.0
4,6714.0
1,152.0
2,7865.0
2,4880.0
2,9602.0
2,10316.0
2,1755.0
1,5781.0
2,19452.0
1,451.0
2,6601.0
4,9615.0
2,6506.0
2,3985.0
3,5839.0
1,468.0
2,7033.0
3,10295.0
2,5343.0
4,1032.0
3,8521.0
1,428.0
3,3123.0
3,7344.0
2,798.0
2,7700.0
1,378.0
2,7280.0
2,11656.0
2,7828.0
2,11359.0
2,7381.0
1,5526.0
4,7242.0
3,3885.0
3,4044.0
2,4056.0
1,402.0
4,8273.0
2,17879.0
3,5897.0
3,1466.0
1,465.0
3,439.0
1,357.0
1,12198.0
2,8432.0
2,7218.0
1,18559.0
4,7381.0
3,6247.0
2,6896.0
2,5282.0
4,13235.0
3,5758.0
4,6480.0
4,6956.0
2,6894.0
3,6392.0
3,424.0
1,480.0
3,838.0
3,1799.0
1,203.0
3,11436.0
1,1683.0
4,49.0
9,15697.0
1,294.0
2,8.0
3,19910.0
3,9442.0
4,6904.0
3,19490.0
3,13894.0
1,377.0
4,7932.0
2,8521.0
3,6475.0
1,297.0
3,8392.0
2,7317.0
2,7668.0
3,6180.0
3,5708.0
2,8039.0
2,13029.0
2,7442.0
2,6011.0
1,294.0
11,17658.0
9,868.0
2,808.0
1,659.0
2,14253.0
1,368.0
5,1186.0
3,1289.0
4,9603.0
3,12506.0
2,8302.0
3,7670.0
3,3362.0
3,5401.0
3,5170.0
4,5693.0
3,1922.0
2,29.0
1,14118.0
1,352.0
4,4212.0
3,5309.0
1,567.0
3,7038.0
2,7544.0
2,2087.0
10,41.0
3,20212.0
7,17974.0
3,6826.0
3,6645.0
1,4858.0
2,10475.0
2,8674.0
1,736.0
3,6612.0
1,677.0
5,8997.0
2,2205.0
3,4406.0
3,798.0
4,7779.0
3,18338.0
1,351.0
2,12556.0
3,4131.0
3,7008.0
1,663.0
4,8116.0
6,848.0
2,6552.0
2,5268.0
2,17634.0
3,17519.0
1,449.0
3,740.0
1,637.0
1,600.0
1,20288.0
3,15054.0
1,377.0
2,6847.0
3,1335.0
3,4726.0
2,2459.0
1,16724.0
2,3214.0
3,7227.0
4,7708.0
3,7237.0
3,14939.0
1,405.0
3,6417.0
3,5611.0
2,5415.0
1,534.0
2,9843.0
3,8239.0
4,7426.0
2,2615.0
1,369.0
4,1042.0
2,1141.0
1,3028.0
3,13685.0
2,3375.0
3,6546.0
2,1910.0
2,7352.0
3,7487.0
13,7186.0
1,1129.0
11,6455.0
3,11096.0
3,1725.0
2,15731.0
1,431.0
2,10135.0
2,10476.0
2,6372.0
3,7872.0
1,779.0
3,1870.0
3,1575.0
3,3315.0
1,145.0
2,15713.0
5,6205.0
5,3689.0
4,6483.0
1,368.0
3,6094.0
4,2476.0
2,1183.0
1,1157.0
9,7386.0
8,17099.0
2,19144.0
3,16437.0
3,6899.0
2,6900.0
1,999.0
2,19526.0
1,245.0
4,8406.0
4,6391.0
4,9528.0
2,10446.0
2,5744.0
3,3356.0
3,8036.0
3,7882.0
1,564.0
2,5014.0
2,7591.0
6,7476.0
3,3621.0
1,428.0
4,4963.0
3,8022.0
1,663.0
1,1255.0
3,19359.0
2,1057.0
2,1619.0
3,8763.0
3,5084.0
2,699.0
3,1278.0
3,5705.0
1,608.0
4,8556.0
4,4747.0
1,794.0
2,4733.0
4,6787.0
2,7153.0
3,20428.0
4,2946.0
3,6951.0
1,513.0
3,5899.0
3,5724.0
3,7635.0
3,5678.0
3,6257.0
3,1378.0
2,6919.0
2,7619.0
1,729.0
2,9052.0
3,7305.0
2,5915.0
4,5449.0
2,3334.0
4,4892.0
5,6829.0
1,317.0
2,1021.0
1,4949.0
2,14959.0
3,5895.0
2,9140.0
2,6466.0
1,721.0
3,8874.0
3,708.0
2,2270.0
3,3917.0
1,417.0
3,3959.0
4,7826.0
2,5848.0
3,7151.0
3,5040.0
2,6075.0
1,437.0
5,5759.0
2,15459.0
4,5431.0
1,923.0
3,6940.0
1,491.0
2,2012.0
3,8548.0
3,4088.0
1,590.0
4,7866.0
1,560.0
4,6644.0
2,6550.0
1,640.0
3,2839.0
3,4376.0
4,4600.0
1,3350.0
3,7958.0
3,5809.0
3,9379.0
2,5883.0
5,5833.0
3,4877.0
2,2699.0
3,947.0
14,1463.0
1,463.0
4,18474.0
2,2921.0
3,6239.0
1,218.0
3,2658.0
4,5342.0
11,2588.0
1,858.0
16,313.0
14,2054.0
5,269.0
4,41.0
8,17038.0
5,97.0
3,2958.0
2,7679.0
3,5249.0
4,1082.0
2,9104.0
1,338.0
4,6903.0
4,173.0
2,4469.0
5,16352.0
2,9210.0
3,2812.0
3,5174.0
3,1084.0
2,7388.0
3,20961.0
7,1304.0
1,172.0
7,16633.0
1,310.0
14,9829.0
4,11810.0
2,5194.0
2,5309.0
3,3703.0
4,2388.0
4,596.0
1,101.0
2,19535.0
1,371.0
14,10917.0
6,123.0
3,5733.0
1,156.0
3,10604.0
3,15697.0
3,8082.0
3,4001.0
2,8315.0
2,18341.0
1,341.0
4,13626.0
5,980.0
1,8240.0
2,2122.0
1,2056.0
1,7831.0
3,3719.0
1,454.0
8,6767.0
12,14694.0
1,371.0
16,36.0
6,17027.0
1,383.0
13,11673.0
1,49.0
3,18691.0
2,17359.0
4,5675.0
3,6629.0
3,7813.0
3,8400.0
3,4181.0
9,12997.0
1,3076.0
7,16.0
16,90.0
1,317.0
8,4.0
6,103.0
5,1375.0
2,282.0
1,27.0
2,759.0
6,94.0
11,3453.0
12,5492.0
10,81.0
4,5155.0
2,7795.0
3,10052.0
2,9567.0
1,348.0
2,9060.0
2,100.0
11,2103.0
4,893.0
1,164.0
27,7183.0
3,161.0
2,7494.0
8,106.0
16,423.0
4,3856.0
3,6627.0
5,1208.0
4,94.0
13,10939.0
4,418.0
8,8924.0
5,72.0
15,5518.0
4,15811.0
1,165.0
19,5781.0
2,97.0
16,1080.0
2,253.0
3,8306.0
3,1388.0
3,10277.0
3,3270.0
12,3070.0
1,194.0
1,953.0
14,69.0
4,29.0
12,98.0
27,743.0
1,1098.0
1,140.0
1,812.0
2,10551.0
3,1699.0
1,165.0
2,1560.0
2,24200.0
4,29987.0
3,1262.0
1,629.0
2,13726.0
3,16181.0
2,2746.0
1,192.0
4,27379.0
3,3665.0
1,184.0
1,22955.0
3,15360.0
4,17821.0
2,25809.0
4,23237.0
3,217.0
2,22377.0
1,176.0
4,3736.0
4,1978.0
4,125.0
1,627.0
2,6375.0
1,116.0
3,26894.0
1,121.0
3,29317.0
4,10426.0
3,23561.0
3,548.0
3,16114.0
3,1489.0
1,107.0
1,11830.0
4,19952.0
3,26663.0
3,7713.0
2,18541.0
1,341.0
1,459.0
11,14947.0
4,5601.0
2,22530.0
2,665.0
2,15227.0
1,783.0
3,1201.0
3,5294.0
5,275.0
5,4162.0
3,27832.0
4,26865.0
2,492.0
2,16160.0
1,439.0
3,9923.0
3,25696.0
1,444.0
4,1306.0
1,598.0
3,21735.0
2,1396.0
3,19549.0
2,29130.0
4,24103.0
3,28739.0
2,27377.0
4,9557.0
3,20082.0
2,498.0
3,19326.0
2,28047.0
3,98.0
1,25770.0
4,27223.0
1,385.0
3,2897.0
4,26234.0
1,5118.0
3,17748.0
4,26219.0
3,24989.0
4,26839.0
3,391.0
3,2054.0
4,15268.0
4,20148.0
1,399.0
2,7309.0
2,1851.0
3,7472.0
3,25703.0
5,23021.0
2,23983.0
3,26383.0
5,26564.0
3,27529.0
3,23536.0
4,27212.0
3,29065.0
1,419.0
4,11943.0
1,568.0
4,23002.0
3,325.0
1,448.0
3,22049.0
3,2750.0
2,24538.0
5,26470.0
5,3568.0
4,9475.0
2,6920.0
2,1110.0
3,20566.0
3,15982.0
1,510.0
3,24010.0
4,1728.0
3,23553.0
1,354.0
5,20012.0
1,433.0
3,26568.0
1,610.0
8,6549.0
1,19883.0
3,26246.0
4,10264.0
4,12121.0
4,783.0
3,25612.0
2,481.0
14,713.0
13,6882.0
4,24.0
12,9695.0
1,289.0
4,213.0
9,7610.0
3,18425.0
2,282.0
3,2338.0
2,4621.0
1,13511.0
3,9067.0
1,111.0
9,4319.0
4,111.0
9,2214.0
5,90.0
11,4114.0
3,4472.0
12,160.0
7,2340.0
6,1236.0
5,4818.0
2,6061.0
3,82.0
2,102.0
5,193.0
12,15556.0
10,420.0
1,186.0
3,6116.0
12,8969.0
6,228.0
10,2019.0
2,15578.0
3,6030.0
3,6778.0
2,6115.0
1,373.0
3,4295.0
2,5235.0
2,2378.0
1,158.0
4,11046.0
1,839.0
1,47.0
5,9568.0
3,3139.0
3,4180.0
1,8214.0
4,5011.0
2,5060.0
1,3776.0
1,150.0
6,14406.0
3,1295.0
2,4916.0
3,5806.0
1,618.0
2,4735.0
3,5340.0
3,5048.0
2,1460.0
3,1816.0
2,5720.0
2,4940.0
4,3147.0
1,563.0
3,4835.0
2,10004.0
2,7078.0
1,379.0
2,7454.0
1,1488.0
1,16277.0
3,266.0
3,2254.0
1,788.0
3,1961.0
2,8869.0
3,323.0
2,6375.0
4,5361.0
1,5851.0
2,8290.0
3,3796.0
1,498.0
2,6827.0
4,7465.0
2,5012.0
2,6740.0
3,6526.0
2,828.0
3,2381.0
3,7400.0
1,556.0
1,5668.0
1,2062.0
3,6532.0
1,811.0
3,2033.0
1,17789.0
3,6860.0
2,9786.0
3,3982.0
1,582.0
4,5318.0
3,17784.0
3,2721.0
3,8065.0
3,8594.0
3,3014.0
5,695.0
3,180.0
1,719.0
3,9807.0
3,9773.0
2,5975.0
3,6652.0
1,553.0
3,3727.0
4,8905.0
3,4109.0
1,403.0
2,9099.0
3,4199.0
3,3931.0
3,136.0
3,3225.0
4,12839.0
1,1183.0
2,1654.0
3,8247.0
3,3530.0
1,368.0
3,314.0
3,8151.0
5,3900.0
2,7354.0
3,2021.0
1,680.0
3,209.0
1,390.0
3,6610.0
3,9238.0
2,6202.0
2,4739.0
4,7417.0
3,1269.0
3,1338.0
3,6101.0
3,14730.0
1,489.0
4,2167.0
3,7757.0
3,2414.0
4,15410.0
1,633.0
4,6930.0
3,4767.0
1,410.0
2,3202.0
1,470.0
3,7953.0
3,5142.0
3,4568.0
1,1634.0
1,350.0
1,1580.0
10,10305.0
7,17830.0
3,8190.0
4,5375.0
1,364.0
1,8.0
1,17596.0
3,5457.0
3,5217.0
1,677.0
5,3981.0
2,9504.0
1,387.0
3,5649.0
3,5864.0
2,8071.0
3,5259.0
3,5977.0
4,1434.0
3,5224.0
3,3517.0
3,6832.0
3,8603.0
3,6056.0
1,650.0
2,4733.0
1,380.0
4,7047.0
3,17997.0
3,7636.0
2,5173.0
1,668.0
2,4111.0
2,1800.0
1,20075.0
4,6958.0
3,6872.0
3,748.0
1,384.0
3,6089.0
3,8121.0
3,6662.0
5,8606.0
3,7187.0
1,15465.0
10,11388.0
8,16450.0
3,18802.0
1,1932.0
10,1043.0
9,16753.0
3,17878.0
3,9766.0
3,8309.0
1,442.0
3,7097.0
3,7027.0
3,4296.0
3,3156.0
3,9387.0
3,2806.0
4,4271.0
4,8986.0
1,402.0
3,715.0
2,8929.0
2,16401.0
3,7188.0
4,905.0
4,6014.0
3,8579.0
1,757.0
3,13016.0
3,11215.0
1,476.0
3,6977.0
4,2174.0
4,18985.0
3,6019.0
3,7888.0
2,6119.0
1,710.0
4,2788.0
3,427.0
3,9201.0
3,4007.0
2,3401.0
4,6146.0
2,5481.0
5,5547.0
3,7170.0
3,2938.0
1,442.0
3,7062.0
3,7803.0
3,6408.0
3,8120.0
2,5200.0
4,2084.0
1,381.0
4,14795.0
2,199.0
1,19141.0
4,3614.0
2,4010.0
3,7645.0
1,458.0
4,7527.0
3,8751.0
4,13993.0
3,7028.0
1,384.0
4,1431.0
3,6441.0
5,3524.0
3,5441.0
2,1378.0
1,8785.0
4,3594.0
1,390.0
2,5495.0
3,2810.0
4,7976.0
1,263.0
3,6023.0
2,9873.0
3,4991.0
4,778.0
3,5350.0
2,7350.0
4,6577.0
1,403.0
2,8093.0
4,8325.0
1,213.0
3,9481.0
5,15063.0
3,1489.0
2,8140.0
1,3386.0
2,6986.0
4,7191.0
3,7476.0
1,361.0
3,5645.0
3,7100.0
4,9213.0
3,4561.0
2,3968.0
3,10288.0
3,2794.0
3,4217.0
3,4143.0
1,742.0
2,6074.0
3,1142.0
2,2976.0
5,15063.0
4,1033.0
1,498.0
3,4576.0
3,5331.0
3,5645.0
4,7391.0
3,8601.0
3,2094.0
12,3861.0
4,18776.0
1,143.0
3,6620.0
1,118.0
2,11.0
9,18680.0
7,128.0
1,111.0
2,4477.0
3,9653.0
3,6618.0
3,8387.0
3,2601.0
1,191.0
4,7731.0
3,7300.0
4,3767.0
1,2042.0
4,7809.0
3,20456.0
3,15628.0
1,146.0
4,12609.0
3,5475.0
3,6821.0
3,20147.0
1,184.0
3,12395.0
3,7455.0
3,8470.0
1,588.0
2,15593.0
2,546.0
2,7645.0
2,2896.0
4,2320.0
1,948.0
1,67.0
1,19489.0
2,6890.0
3,5705.0
1,131.0
3,6736.0
1,8755.0
1,239.0
4,7125.0
4,9697.0
2,6478.0
3,6394.0
1,308.0
3,7243.0
2,674.0
2,2261.0
4,10196.0
3,2842.0
3,5840.0
3,2731.0
2,7373.0
2,7535.0
1,126.0
13,14515.0
6,700.0
2,288.0
2,942.0
3,7671.0
1,188.0
4,7157.0
3,4501.0
1,140.0
2,5761.0
4,6893.0
3,1987.0
2,1778.0
1,16664.0
1,1221.0
13,20190.0
2,502.0
3,17689.0
1,789.0
2,5892.0
1,641.0
1,85.0
14,12328.0
6,16923.0
5,468.0
1,7957.0
3,5622.0
1,310.0
3,7831.0
2,14721.0
6,6559.0
3,3643.0
2,2726.0
1,143.0
3,6246.0
3,3800.0
2,5018.0
4,592.0
4,6446.0
2,8803.0
3,1335.0
1,221.0
3,1419.0
5,7203.0
1,214.0
2,8484.0
1,6450.0
3,7663.0
1,4204.0
2,12571.0
3,2004.0
4,13582.0
1,119.0
3,12817.0
2,6792.0
1,543.0
3,7858.0
3,16197.0
2,250.0
4,361.0
4,13087.0
4,747.0
3,4284.0
1,7947.0
1,10172.0
1,3090.0
5,1621.0
3,7689.0
1,96.0
2,7977.0
4,7155.0
3,6764.0
2,7088.0
3,7487.0
3,2079.0
3,7989.0
3,6268.0
2,10293.0
1,385.0
3,858.0
4,5108.0
3,1503.0
2,1467.0
1,6296.0
1,13050.0
1,287.0
2,1191.0
1,3468.0
3,3649.0
1,558.0
3,2423.0
17,16238.0
4,13622.0
3,6010.0
3,8648.0
1,188.0
2,6834.0
2,16435.0
4,1068.0
3,6662.0
1,299.0
3,5951.0
4,6709.0
1,296.0
3,7151.0
1,1630.0
2,9423.0
1,129.0
2,6406.0
3,7904.0
3,4108.0
4,1860.0
3,2722.0
4,116.0
2,6953.0
4,8951.0
3,3305.0
1,424.0
4,52.0
7,1248.0
8,18476.0
1,316.0
1,4203.0
4,6641.0
3,18637.0
3,7154.0
3,6631.0
2,6424.0
3,6812.0
3,1169.0
1,89.0
4,15351.0
2,7354.0
4,308.0
1,95.0
2,7868.0
3,5300.0
5,6306.0
3,8249.0
2,6441.0
3,8113.0
1,117.0
3,5939.0
3,4782.0
1,3306.0
2,18659.0
2,15200.0
3,3780.0
2,2540.0
1,279.0
7,517.0
7,5438.0
6,1272.0
1,120.0
3,6551.0
3,8489.0
3,5460.0
2,7913.0
2,5142.0
1,130.0
3,10306.0
3,5735.0
1,119.0
3,9105.0
3,7582.0
3,7883.0
3,7667.0
3,4949.0
3,1181.0
1,222.0
3,7961.0
3,9461.0
3,3380.0
2,5617.0
3,4109.0
4,121.0
11,18054.0
1,435.0
4,2734.0
3,6781.0
3,7621.0
2,6380.0
2,7687.0
5,585.0
1,466.0
1,8717.0
6,11371.0
3,14129.0
2,6522.0
1,484.0
2,21762.0
3,824.0
1,8364.0
3,2401.0
3,3705.0
3,4155.0
2,6615.0
1,150.0
3,5503.0
3,7457.0
2,2343.0
1,218.0
3,6710.0
1,127.0
5,2128.0
3,7059.0
3,2363.0
2,1189.0
2,11188.0
3,5618.0
3,5981.0
3,2119.0
4,5980.0
3,204.0
3,11486.0
3,10586.0
4,7947.0
3,6566.0
1,158.0
3,8270.0
2,6672.0
1,177.0
3,909.0
1,178.0
8,11979.0
10,17056.0
4,18344.0
2,11987.0
3,4365.0
4,8910.0
1,580.0
1,225.0
1,931.0
10,12807.0
3,59.0
3,121.0
3,4148.0
14,16358.0
5,13011.0
3,7260.0
4,2423.0
2,18758.0
4,6129.0
1,113.0
6,223.0
6,283.0
1,132.0
14,9151.0
1,15228.0
21,3251.0
3,119.0
2,19475.0
3,342.0
1,137.0
3,6986.0
4,243.0
1,625.0
10,3641.0
10,501.0
15,1571.0
5,107.0
14,124.0
2,7302.0
8,91.0
22,6072.0
2,9293.0
2,90.0
13,20065.0
2,173.0
13,3184.0
12,1112.0
10,148.0
12,4252.0
13,76.0
1,723.0
10,1122.0
8,104.0
9,2566.0
5,98.0
4,9640.0
2,5269.0
2,179.0
21,4669.0
4,125.0
10,2743.0
16,3177.0
6,6641.0
19,6919.0
12,98.0
3,11017.0
13,11293.0
7,100.0
8,2955.0
4,5647.0
3,7067.0
3,7271.0
2,3.0
1,791.0
1,8343.0
2,5265.0
3,6429.0
1,168.0
3,7406.0
1,3618.0
2,8801.0
2,5215.0
1,401.0
3,18016.0
4,8490.0
1,390.0
2,5163.0
2,8203.0
3,6442.0
2,2263.0
3,8443.0
3,9052.0
3,17831.0
2,1617.0
2,110.0
1,7616.0
3,7080.0
3,3669.0
3,7616.0
2,8175.0
1,608.0
4,18955.0
2,5581.0
3,6383.0
1,522.0
3,7161.0
3,9337.0
3,951.0
3,5240.0
1,543.0
3,4083.0
3,7130.0
1,290.0
3,8493.0
2,781.0
3,5379.0
3,7815.0
3,4559.0
2,5618.0
3,203.0
1,280.0
5,8916.0
3,7491.0
1,609.0
3,4536.0
2,8880.0
2,5287.0
3,9199.0
3,14108.0
2,500.0
1,23596.0
2,114.0
1,19871.0
3,9028.0
1,218.0
4,690.0
3,6135.0
1,366.0
3,14114.0
3,22050.0
3,1353.0
6,6160.0
3,6068.0
1,456.0
3,3817.0
3,5687.0
3,4711.0
3,9229.0
3,7960.0
3,5949.0
3,7138.0
2,7265.0
3,998.0
1,423.0
3,5034.0
3,15393.0
3,2885.0
1,709.0
3,2864.0
3,7099.0
1,540.0
1,8564.0
6,2361.0
3,8136.0
3,3938.0
3,3271.0
5,6399.0
2,4291.0
3,7556.0
2,7607.0
1,260.0
6,176.0
9,14952.0
5,631.0
3,6948.0
1,234.0
3,7613.0
2,5946.0
3,5768.0
3,8150.0
1,1791.0
4,826.0
1,20272.0
2,7093.0
3,4968.0
3,3670.0
1,404.0
4,1135.0
1,9607.0
4,11060.0
3,7639.0
3,7559.0
3,9084.0
1,335.0
3,4371.0
1,262.0
2,304.0
1,19421.0
4,7594.0
3,6948.0
3,7329.0
2,5672.0
3,5824.0
2,6779.0
3,6264.0
3,1860.0
3,5891.0
3,4496.0
3,7191.0
2,7533.0
2,8364.0
4,6581.0
1,640.0
3,5221.0
3,9957.0
4,9016.0
3,4632.0
2,5977.0
4,8570.0
3,5761.0
3,8631.0
3,10470.0
2,945.0
3,651.0
3,6476.0
3,7206.0
1,930.0
3,5078.0
4,9262.0
1,432.0
3,6600.0
1,726.0
3,3919.0
3,8619.0
3,8752.0
3,9350.0
3,5356.0
2,5767.0
3,3716.0
4,5526.0
1,191.0
3,2650.0
3,12018.0
1,3374.0
16,274.0
4,534.0
1,215.0
2,6174.0
3,4877.0
5,5492.0
2,7876.0
4,8376.0
3,4108.0
5,1529.0
2,2420.0
4,10163.0
3,5571.0
2,4550.0
3,4863.0
1,392.0
3,7054.0
3,515.0
3,4203.0
3,8618.0
5,8359.0
3,5004.0
2,328.0
3,9700.0
3,7860.0
3,5920.0
4,1003.0
3,1912.0
4,7523.0
2,8255.0
2,5475.0
1,373.0
3,8072.0
3,1429.0
1,589.0
2,6474.0
4,445.0
3,5652.0
3,6212.0
2,5356.0
4,8029.0
2,6930.0
3,7566.0
1,877.0
4,7176.0
3,2929.0
3,6204.0
2,8453.0
1,4143.0
3,6645.0
3,2898.0
4,10611.0
2,808.0
1,592.0
4,1033.0
2,13975.0
1,796.0
3,5871.0
3,5714.0
4,3416.0
4,7970.0
2,6986.0
3,8281.0
2,7668.0
4,1832.0
3,6563.0
2,8345.0
3,6889.0
1,644.0
2,9255.0
3,8236.0
3,6180.0
6,37.0
10,360.0
14,3080.0
5,302.0
3,5775.0
8,148.0
7,616.0
3,208.0
11,9617.0
7,153.0
8,2686.0
7,7118.0
5,326.0
6,269.0
3,6369.0
3,6620.0
2,7100.0
1,310.0
2,3744.0
4,8118.0
3,1049.0
2,8663.0
3,4191.0
3,6329.0
1,150.0
3,7514.0
1,8080.0
3,6869.0
3,7463.0
1,131.0
3,7378.0
3,7695.0
2,5878.0
5,4179.0
3,9451.0
3,6184.0
3,7874.0
1,179.0
2,227.0
2,182.0
10,2682.0
1,103.0
15,18860.0
6,697.0
9,225.0
5,382.0
3,27.0
6,2563.0
3,5577.0
1,7348.0
4,6937.0
2,2916.0
3,6528.0
1,13735.0
3,4115.0
1,529.0
4,6071.0
3,1583.0
2,7726.0
16,1149.0
4,113.0
10,3036.0
7,190.0
7,3002.0
9,5196.0
11,277.0
5,4228.0
5,105.0
12,8593.0
3,188.0
3,2073.0
1,19199.0
4,8754.0
1,145.0
3,7910.0
3,5948.0
3,1253.0
3,5194.0
1,4549.0
2,8835.0
1,2907.0
3,14470.0
2,208.0
1,7297.0
1,298.0
1,5753.0
1,849.0
1,122.0
3,5697.0
2,6412.0
1,288.0
3,8505.0
3,17191.0
3,5805.0
1,98.0
3,2786.0
5,8360.0
2,4486.0
3,7536.0
3,6522.0
3,759.0
3,8695.0
2,7801.0
1,143.0
3,6067.0
14,8400.0
16,7275.0
14,1134.0
15,4456.0
2,6029.0
4,1948.0
3,2263.0
4,2900.0
3,864.0
3,1849.0
1,119.0
1,66.0
12,7128.0
4,8894.0
3,2453.0
2,7600.0
4,9007.0
3,7830.0
3,1355.0
2,4275.0
1,14611.0
3,1045.0
3,5942.0
3,3293.0
2,7718.0
2,8397.0
3,4766.0
4,6320.0
2,2229.0
3,6070.0
2,1221.0
2,18433.0
3,7564.0
2,1875.0
3,8028.0
2,6495.0
2,3690.0
4,1611.0
2,8159.0
2,4582.0
4,9077.0
2,8422.0
1,7977.0
2,10657.0
2,7407.0
2,7161.0
1,417.0
3,2410.0
2,71.0
2,5737.0
3,3583.0
1,210.0
3,5915.0
2,3658.0
3,15502.0
2,8782.0
3,8353.0
2,131.0
3,7800.0
2,7441.0
1,325.0
2,8279.0
3,4406.0
3,4136.0
4,2985.0
2,4197.0
1,183.0
4,15708.0
3,15179.0
1,349.0
3,5016.0
4,7421.0
2,2903.0
3,28254.0
1,125.0
12,72.0
6,65.0
1,440.0
1,464.0
1,453.0
1,341.0
2,3121.0
1,100.0
2,71.0
